t,dt,f,v_true
0,0.02,0,0
0.02,0.02,0,0.1962
0.04,0.02,0,0.3924
0.06,0.02,0,0.5886
0.08,0.02,0,0.7848
0.09999999,0.02,0,0.981
0.12,0.02,0,1.1772
0.14,0.02,0,1.3734
0.16,0.02,0,1.5696
0.18,0.02,0,1.7658
0.2,0.02,0,1.962
0.22,0.02,0,2.1582
0.24,0.02,0,2.3544
0.26,0.02,0,2.5506
0.28,0.02,0,2.7468
0.3,0.02,0,2.943
0.32,0.02,0,3.139199
0.34,0.02,0,3.335399
0.36,0.02,0,3.531599
0.38,0.02,0,0.1772825
0.4,0.02,50,0.064991
0.42,0.02,-21.22644,0.8874565
0.44,0.02,50,0.4031502
0.46,0.02,50,1.344115
0.48,0.02,-23.70329,2.285232
0.5,0.02,25.45025,1.752306
0.52,0.02,48.95884,2.202452
0.54,0.02,-2.166191,3.122768
0.56,0.02,39.37326,3.020584
0.58,0.02,1.94555,3.749188
0.6,0.02,-1.598696,3.72924
0.62,0.02,50,3.638406
0.64,0.02,3.738015,4.579546
0.66,0.02,28.21983,4.595448
0.68,0.02,3.038484,5.100982
0.7,0.02,28.27928,5.102891
0.72,0.02,-10.56284,5.609617
0.74,0.02,10.4282,5.339502
0.76,0.02,4.969079,5.489205
0.78,0.02,31.49513,5.529727
0.8,0.02,22.61738,6.100769
0.82,0.02,2.021159,6.494257
0.84,0.02,25.25605,6.475819
0.86,0.02,-6.279543,6.92208
0.88,0.02,26.02319,6.73763
0.9,0.02,24.78315,7.199235
0.92,0.02,6.332246,7.636038
0.94,0.02,28.73921,7.703822
0.96,0.02,-6.771211,8.219748
0.98,0.02,28.46733,8.025463
1,0.02,-5.690639,8.535949
1.02,0.02,28.61301,8.363276
1.04,0.02,9.836611,8.876676
1.06,0.02,13.91533,9.014549
1.08,0.02,15.5724,9.233995
1.1,0.02,-3.320537,9.486584
1.12,0.02,10.11558,9.361315
1.14,0.02,11.9343,9.504764
1.16,0.02,-1.985594,9.684591
1.18,0.02,2.348504,9.586019
1.2,0.02,11.55528,9.574131
1.22,0.02,6.904898,9.746374
1.24,0.02,-0.5860053,9.825613
1.26,0.02,17.46804,9.755033
1.28,0.02,10.09714,10.04553
1.3,0.02,11.22788,10.18862
1.32,0.02,12.53095,10.3543
1.34,0.02,4.092524,10.54607
1.36,0.02,3.771324,10.56906
1.38,0.02,4.613149,10.58563
1.4,0.02,3.094431,10.61903
1.42,0.02,20.72642,10.62206
1.44,0.02,-0.5348309,10.97773
1.46,0.02,21.55521,10.90817
1.48,0.02,3.013107,11.28042
1.5,0.02,20.55112,11.28182
1.52,0.02,13.309,11.63399
1.54,0.02,14.47058,11.8413
1.56,0.02,3.506184,12.07185
1.58,0.02,-0.8724535,12.08312
1.6,0.02,6.148373,12.00681
1.62,0.02,0.5284836,12.07092
1.64,0.02,14.0968,12.02263
1.66,0.02,4.311784,12.2457
1.68,0.02,-4.145973,12.27308
1.7,0.02,-4.72697,12.1313
1.72,0.02,12.26238,11.9779
1.74,0.02,-3.762911,12.16429
1.76,0.02,1.863478,12.03017
1.78,0.02,-1.373005,12.00858
1.8,0.02,18.22381,11.92226
1.82,0.02,19.13857,12.22787
1.84,0.02,1.164281,12.55179
1.86,0.02,5.287387,12.51621
1.88,0.02,3.018709,12.5631
1.9,0.02,-0.6070538,12.56461
1.92,0.02,18.12844,12.49361
1.94,0.02,9.857525,12.79732
1.96,0.02,-2.701813,12.93561
1.98,0.02,2.770989,12.82271
2,0.02,17.52766,12.81928
2.02,0.02,-4.318739,13.11097
2.04,0.02,2.011194,12.96573
2.06,0.02,10.21573,12.9471
2.08,0.02,0.1883958,13.09255
2.1,0.02,-4.36756,13.03746
2.12,0.02,16.87993,12.89125
2.14,0.02,-3.711432,13.16999
2.16,0.02,-1.809516,13.0369
2.18,0.02,-0.8150911,12.94185
2.2,0.02,1.456617,12.86669
2.22,0.02,15.03153,12.83696
2.24,0.02,14.15642,13.07873
2.26,0.02,7.197291,13.303
2.28,0.02,5.522936,13.38808
2.3,0.02,8.493599,13.43968
2.32,0.02,6.717224,13.55069
2.34,0.02,0.1238024,13.62618
2.36,0.02,8.981253,13.56979
2.38,0.02,7.474537,13.69056
2.4,0.02,1.762687,13.78119
2.42,0.02,5.412471,13.75758
2.44,0.02,9.062798,13.80697
2.46,0.02,-2.993772,13.92937
2.48,0.02,13.27651,13.81063
2.5,0.02,-3.197011,14.0173
2.52,0.02,7.033113,13.8945
2.54,0.02,-3.972468,13.9763
2.56,0.02,-2.576148,13.83799
2.58,0.02,6.033935,13.72761
2.6,0.02,-2.886185,13.78943
2.62,0.02,8.3698,13.67285
2.64,0.02,9.157689,13.78138
2.66,0.02,5.243274,13.90567
2.68,0.02,-2.900803,13.95168
2.7,0.02,16.50245,13.83481
2.72,0.02,8.250946,14.10599
2.74,0.02,8.683184,14.21215
2.76,0.02,4.238944,14.32696
2.78,0.02,7.970324,14.35288
2.8,0.02,13.9173,14.45342
2.82,0.02,11.99748,14.67291
2.84,0.02,5.756612,14.854
2.86,0.02,-0.006301848,14.91027
2.88,0.02,13.61164,14.85128
2.9,0.02,6.772647,15.06466
2.92,0.02,-0.2756353,15.14125
2.94,0.02,1.707317,15.07688
2.96,0.02,-0.1568807,15.05217
2.98,0.02,14.9255,14.99017
3,0.02,0.1628004,15.22982
3.02,0.02,1.613078,15.17421
3.04,0.02,8.390779,15.14761
3.06,0.02,1.181292,15.25657
3.08,0.02,14.5224,15.22133
3.1,0.02,6.409626,15.45292
3.12,0.02,14.15247,15.52225
3.14,0.02,6.006443,15.74644
3.16,0.02,0.3293833,15.80771
3.18,0.02,3.030771,15.75544
3.2,0.02,-1.130785,15.7572
3.22,0.02,11.76075,15.67572
3.24,0.02,8.9352,15.85208
3.26,0.02,1.517695,15.97192
3.28,0.02,8.328658,15.94341
3.3,0.02,11.0958,16.05113
3.32,0.02,14.65899,16.21418
3.34,0.02,10.35,16.4485
3.36,0.02,0.7247514,16.59665
3.38,0.02,0.4962232,16.55228
3.4,0.02,13.51229,16.50334
3.42,0.02,2.932281,16.71473
3.44,0.02,14.01286,16.71451
3.46,0.02,11.71315,16.93591
3.48,0.02,0.1834392,17.11131
3.5,0.02,3.936138,17.05612
3.52,0.02,0.4283592,17.07598
3.54,0.02,6.542805,17.02569
3.56,0.02,9.548388,17.09768
3.58,0.02,11.59391,17.2298
3.6,0.02,-2.734605,17.40281
3.62,0.02,-2.544331,17.28926
3.64,0.02,1.381181,17.17951
3.66,0.02,10.40985,17.14828
3.68,0.02,9.190623,17.29762
3.7,0.02,6.9235,17.42257
3.72,0.02,7.148983,17.50218
3.74,0.02,9.763382,17.5863
3.76,0.02,4.552238,17.7227
3.78,0.02,4.197424,17.75489
3.8,0.02,0.9018338,17.77998
3.82,0.02,1.00128,17.73915
3.84,0.02,3.752337,17.70032
3.86,0.02,6.743851,17.71651
3.88,0.02,11.95632,17.79252
3.9,0.02,1.018541,17.97279
3.92,0.02,2.53315,17.9343
3.94,0.02,9.588679,17.9261
3.96,0.02,3.218891,18.05902
3.98,0.02,1.113152,18.06454
4,0.02,12.83746,18.02794
4.02,0.02,8.957148,18.22583
4.04,0.02,7.55028,18.34611
4.06,0.02,10.55552,18.43826
4.08,0.02,12.30331,18.59051
4.1,0.02,8.504913,18.77771
4.12,0.02,3.118756,18.88895
4.14,0.02,7.344392,18.89247
4.16,0.02,2.730322,18.9805
4.18,0.02,8.694197,18.97624
4.2,0.02,-0.9085907,19.09127
4.22,0.02,-0.2000587,19.01423
4.24,0.02,9.709557,18.95137
4.26,0.02,8.897779,19.08671
4.28,0.02,3.190732,19.2058
4.3,0.02,3.506581,19.21076
4.32,0.02,8.75756,19.22203
4.34,0.02,6.776975,19.33832
4.36,0.02,9.763805,19.415
4.38,0.02,11.95122,19.55141
4.4,0.02,-2.875536,19.73158
4.42,0.02,1.44554,19.61521
4.44,0.02,10.26847,19.58526
4.46,0.02,-1.03444,19.73177
4.48,0.02,10.7846,19.65222
4.5,0.02,10.44544,19.80906
4.52,0.02,5.352651,19.95912
4.54,0.02,6.06959,20.0073
4.56,0.02,7.720102,20.06983
4.58,0.02,11.19762,20.16537
4.6,0.02,1.200685,20.33047
4.62,0.02,0.9923313,20.29562
4.64,0.02,3.867283,20.25661
4.66,0.02,10.14793,20.27509
4.68,0.02,10.17638,20.41919
4.7,0.02,6.679603,20.56386
4.72,0.02,9.832726,20.63859
4.74,0.02,7.518578,20.77638
4.76,0.02,7.445609,20.86789
4.78,0.02,9.870484,20.95795
4.8,0.02,2.171215,21.0965
4.82,0.02,10.99828,21.08106
4.84,0.02,1.89769,21.24217
4.86,0.02,0.4081815,21.22126
4.88,0.02,-2.315329,21.17057
4.9,0.02,1.190147,21.0654
4.92,0.02,0.7066692,21.03035
4.94,0.02,3.344077,20.98562
4.96,0.02,10.53917,20.99364
4.98,0.02,8.084487,21.14556
5,0.02,-1.433394,21.24839
5.02,0.02,2.663873,21.16087
5.04,0.02,7.251855,21.15528
5.06,0.02,10.15419,21.24146
5.08,0.02,2.912575,21.38568
5.1,0.02,0.4829817,21.38507
5.12,0.02,7.388124,21.33587
5.14,0.02,1.625488,21.42477
5.16,0.02,8.560829,21.39843
5.18,0.02,0.240953,21.51078
5.2,0.02,-1.730982,21.45674
5.22,0.02,3.868943,21.36326
5.24,0.02,-0.3634696,21.38178
5.26,0.02,1.167319,21.31565
5.28,0.02,10.41283,21.28014
5.3,0.02,8.35215,21.42954
5.32,0.02,10.2333,21.53772
5.34,0.02,9.141385,21.68353
5.36,0.02,-2.183325,21.80749
5.38,0.02,5.513425,21.70497
5.4,0.02,8.017051,21.75637
5.42,0.02,8.030437,21.85785
5.44,0.02,5.003693,21.9596
5.46,0.02,10.12857,22.00082
5.48,0.02,-1.288643,22.14453
5.5,0.02,2.65068,22.0599
5.52,0.02,-0.4499826,22.05405
5.54,0.02,-1.351405,21.98619
5.56,0.02,10.2795,21.9003
5.58,0.02,10.67906,22.04703
5.6,0.02,6.968854,22.20175
5.62,0.02,2.123333,22.28227
5.64,0.02,4.180483,22.26588
5.66,0.02,-1.839139,22.29063
5.68,0.02,-1.406497,22.19499
5.7,0.02,9.761593,22.108
5.72,0.02,8.062553,22.24437
5.74,0.02,8.438217,22.34676
5.76,0.02,-0.2988253,22.45666
5.78,0.02,-0.9756574,22.39183
5.8,0.02,6.795403,22.31345
5.82,0.02,2.207445,22.3905
5.84,0.02,-0.05776884,22.37579
5.86,0.02,7.310012,22.31577
5.88,0.02,2.537069,22.40312
5.9,0.02,3.964925,22.395
5.92,0.02,0.3313942,22.41544
5.94,0.02,6.913646,22.3632
5.96,0.02,4.001556,22.44262
5.98,0.02,2.10779,22.46379
6,0.02,0.4582384,22.44708
6.02,0.02,10.03992,22.39739
6.04,0.02,0.5013788,22.53933
6.06,0.02,-1.573453,22.49049
6.08,0.02,1.39059,22.40016
6.1,0.02,5.028817,22.36911
6.12,0.02,9.579929,22.41083
6.14,0.02,9.472144,22.54357
6.16,0.02,10.4685,22.67415
6.18,0.02,9.31668,22.82468
6.2,0.02,-2.537246,22.30396
6.22,0.02,4.557394,22.21588
6.24,0.02,4.171317,22.25136
6.26,0.02,3.337052,22.27463
6.28,0.02,-2.204301,22.28023
6.3,0.02,-1.533986,22.1717
6.32,0.02,1.902272,22.07684
6.34,0.02,-2.686256,22.05249
6.36,0.02,5.280016,21.93393
6.38,0.02,4.821053,21.97898
6.4,0.02,-2.351853,21.74622
6.42,0.02,0.02576779,21.63803
6.44,0.02,10.20252,21.55589
6.46,0.02,1.578769,21.5708
6.48,0.02,-1.016466,21.49177
6.5,0.02,9.432059,21.38027
6.52,0.02,10.50812,21.48685
6.54,0.02,7.106987,21.6159
6.56,0.02,2.638536,21.67656
6.58,0.02,-0.7096964,21.64516
6.6,0.02,6.29391,21.54525
6.62,0.02,9.469853,21.58886
6.64,0.02,0.3566223,21.69486
6.66,0.02,9.044809,21.61784
6.68,0.02,9.19081,21.7174
6.7,0.02,-1.480811,21.82097
6.72,0.02,2.086286,21.70654
6.74,0.02,5.395895,21.66351
6.76,0.02,8.257418,21.68873
6.78,0.02,1.795254,21.77298
6.8,0.02,-0.2023885,21.72562
6.82,0.02,7.954989,21.63384
6.84,0.02,7.444295,21.67062
6.86,0.02,1.697315,21.72882
6.88,0.02,-1.144665,21.67561
6.9,0.02,10.3227,21.57842
6.92,0.02,6.297615,21.71376
6.94,0.02,-1.234294,21.7677
6.96,0.02,-1.047908,21.66915
6.98,0.02,8.70363,21.57448
7,0.02,8.829159,21.67741
7.02,0.02,-0.167135,21.78299
7.04,0.02,1.912677,21.7064
7.06,0.02,3.504464,21.67201
7.08,0.02,5.234617,21.67001
7.1,0.02,9.352349,21.70306
7.12,0.02,5.247593,21.81964
7.14,0.02,1.518816,20.7954
7.16,0.02,7.560125,20.73799
7.18,0.02,5.808258,20.78609
7.2,0.02,-0.1369775,20.79553
7.22,0.02,2.418544,20.68536
7.24,0.02,0.6011938,20.62613
7.26,0.02,7.63262,20.53055
7.28,0.02,1.781106,20.57559
7.3,0.02,7.100526,20.50356
7.32,0.02,3.438185,20.53798
7.34,0.02,8.811441,20.49909
7.36,0.02,7.222986,20.56768
7.38,0.02,10.39036,20.6045
7.4,0.02,-1.252451,20.70467
7.42,0.02,-1.984305,20.572
7.44,0.02,-2.656547,20.42469
7.46,0.02,9.479141,20.26389
7.48,0.02,10.0858,20.34588
7.5,0.02,6.436215,20.43994
7.52,0.02,10.77278,20.46104
7.54,0.02,-1.352554,20.56884
7.56,0.02,2.119248,20.43415
7.58,0.02,-0.5616381,20.36892
7.6,0.02,10.34071,20.25008
7.62,0.02,1.655244,20.34923
7.64,0.02,11.66899,20.27469
7.66,0.02,3.328998,20.40043
7.68,0.02,7.522665,20.35939
7.7,0.02,-1.376582,20.40221
7.72,0.02,4.171201,20.26705
7.74,0.02,7.816219,20.24283
7.76,0.02,2.461368,20.29153
7.78,0.02,11.04009,20.23311
7.8,0.02,4.148275,20.34629
7.82,0.02,6.451859,20.3216
7.84,0.02,10.11063,20.34301
7.86,0.02,-2.285731,20.43758
7.88,0.02,-0.06286689,20.28424
7.9,0.02,6.937459,20.17534
7.92,0.02,11.10952,20.20646
7.94,0.02,5.448165,20.32101
7.96,0.02,9.931707,20.32237
7.98,0.02,6.386892,20.41333
8,0.02,0.9858514,20.43344
8.02,0.02,3.644311,20.34551
8.04,0.02,11.27311,20.31076
8.059999,0.02,11.4955,20.42859
8.08,0.02,5.918647,20.55086
8.099999,0.02,2.840115,20.56163
8.12,0.02,4.12409,20.5108
8.139999,0.02,2.647533,20.48564
8.16,0.02,-1.455861,20.43094
8.179999,0.02,5.860739,20.29419
8.2,0.02,11.54239,20.30376
8.22,0.02,6.662982,20.42698
8.24,0.02,-2.525044,20.45261
8.26,0.02,5.312964,20.2945
8.28,0.02,5.655912,20.29311
8.3,0.02,-1.109473,20.2986
8.32,0.02,7.452611,20.16878
8.34,0.02,10.9451,20.21017
8.36,0.02,2.712361,20.32146
8.38,0.02,2.30108,20.26806
8.4,0.02,3.054441,20.20646
8.42,0.02,4.845075,20.15989
8.44,0.02,11.1777,20.14915
8.46,0.02,5.887767,20.26509
8.48,0.02,-1.898448,20.27521
8.5,0.02,1.102448,20.1296
8.52,0.02,1.073021,20.04402
8.54,0.02,5.426699,19.95784
8.559999,0.02,4.377952,19.95875
8.58,0.02,-2.948208,19.93867
8.599999,0.02,11.80824,19.77209
8.62,0.02,3.69821,19.90059
8.639999,0.02,0.9438791,19.86694
8.66,0.02,6.389315,19.77817
8.679999,0.02,5.356252,19.79833
8.7,0.02,9.409811,19.79782
8.72,0.02,11.83391,19.87838
8.74,0.02,6.806497,20.00742
8.76,0.02,-0.5575048,20.03593
8.78,0.02,11.67343,19.91713
8.8,0.02,6.046974,20.04297
8.82,0.02,11.50698,20.05626
8.84,0.02,11.18059,20.17879
8.86,0.02,2.592676,20.29476
8.88,0.02,2.433545,20.23899
8.9,0.02,3.928925,20.18
8.92,0.02,7.180532,20.15095
8.94,0.02,9.388372,20.18693
8.96,0.02,0.3212793,20.26706
8.98,0.02,3.05839,20.16586
9,0.02,3.958672,20.11939
9.02,0.02,-2.031885,20.09094
9.04,0.02,11.71242,19.94267
9.059999,0.02,10.73325,20.06925
9.08,0.02,0.8095796,20.17629
9.099999,0.02,9.537148,20.08486
9.12,0.02,10.87962,20.16795
9.139999,0.02,6.719708,20.27791
9.16,0.02,6.093586,20.30468
9.179999,0.02,7.756944,20.31892
9.2,0.02,1.055875,20.36642
9.22,0.02,1.924776,20.27991
9.24,0.02,1.831564,20.21078
9.26,0.02,0.4265298,20.13976
9.28,0.02,-0.4599642,20.04065
9.3,0.02,7.368844,19.92382
9.32,0.02,5.953524,19.96355
9.34,0.02,7.03823,19.975
9.36,0.02,6.831874,20.00814
9.38,0.02,1.077449,20.03715
9.4,0.02,9.753527,19.95105
9.42,0.02,4.474014,20.03849
9.44,0.02,6.378975,20.02033
9.46,0.02,0.2914765,20.04026
9.48,0.02,9.687201,19.93846
9.5,0.02,2.38398,20.02458
9.52,0.02,5.308748,19.96462
9.54,0.02,-0.1175906,19.96317
9.559999,0.02,-2.133541,19.85316
9.58,0.02,7.00165,19.70286
9.599999,0.02,-0.4093927,19.73527
9.62,0.02,8.22808,19.61944
9.639999,0.02,8.432531,19.67637
9.66,0.02,5.320013,19.73741
9.679999,0.02,2.735672,19.73616
9.7,0.02,4.27497,19.68323
9.719999,0.02,-1.807642,19.6611
9.74,0.02,9.348095,19.51731
9.76,0.02,3.104925,19.59663
9.78,0.02,-0.7107803,19.55111
9.8,0.02,2.749774,19.42925
9.82,0.02,11.57746,19.3766
9.84,0.02,5.028767,19.50052
9.86,0.02,8.559739,19.49346
9.88,0.02,8.259335,19.55702
9.9,0.02,9.949906,19.61458
9.92,0.02,4.85229,19.70595
9.94,0.02,8.540276,19.69535
9.96,0.02,7.291214,19.75853
9.98,0.02,8.079086,19.79672
10,0.02,4.440748,19.85065
10.02,0.02,4.316299,19.83184
10.04,0.02,-0.679338,19.81054
10.06,0.02,4.700152,19.68932
10.08,0.02,8.72451,19.67568
10.1,0.02,-1.464363,19.74254
10.12,0.02,10.95455,19.60562
10.14,0.02,-1.359918,19.71706
10.16,0.02,11.00234,19.58222
10.18,0.02,-0.5003892,19.69465
10.2,0.02,-2.460636,19.57699
10.22,0.02,-2.388726,19.42014
10.24,0.02,11.08438,19.26474
10.26,0.02,-1.569853,19.37881
10.28,0.02,-0.3332458,19.23976
10.3,0.02,9.707931,19.12546
10.32,0.02,-2.479189,19.21199
10.34,0.02,6.247803,19.05478
10.36,0.02,-0.8652253,19.07212
10.38,0.02,2.116259,18.94719
10.4,0.02,-0.9182523,18.88186
10.42,0.02,-1.824942,18.75584
10.44,0.02,5.898802,18.61171
10.46,0.02,12.437,18.62207
10.48,0.02,-2.496216,18.76316
10.5,0.02,3.727341,18.60561
10.52,0.02,-2.600023,18.5725
10.54,0.02,6.004795,18.41288
10.56,0.02,12.99244,18.42533
10.58,0.02,6.602691,18.57757
10.6,0.02,8.198326,18.60198
10.62,0.02,6.517728,18.65832
10.64,0.02,7.309136,18.68104
10.66,0.02,12.37974,18.71959
10.68,0.02,2.91877,18.85954
10.7,0.02,-2.64488,18.81029
10.72,0.02,9.941067,18.64975
10.74,0.02,5.37748,18.74092
10.76,0.02,8.904677,18.74084
10.78,0.02,-1.669481,18.8113
10.8,0.02,7.105191,18.67028
10.82,0.02,2.063875,18.70474
10.84,0.02,6.976732,18.6384
10.86,0.02,5.224374,18.67031
10.88,0.02,10.16613,18.66715
10.9,0.02,-2.622896,18.76283
10.92,0.02,-1.233003,18.60273
10.94,0.02,0.01056908,18.47045
10.96,0.02,4.251711,18.36301
10.98,0.02,-1.575882,18.3404
11,0.02,5.840302,18.20126
11.02,0.02,3.696488,18.21043
11.04,0.02,-2.741325,18.17675
11.06,0.02,2.94216,18.01427
11.08,0.02,7.26078,17.96549
11.1,0.02,10.33784,18.00307
11.12,0.02,-0.02283282,18.10218
11.14,0.02,11.24754,17.99411
11.16,0.02,6.832481,18.11141
11.18,0.02,-0.3747739,18.14043
11.2,0.02,-2.993024,18.0253
11.22,0.02,8.712116,17.8578
11.24,0.02,9.658185,17.9244
11.26,0.02,7.596767,18.00995
11.28,0.02,-2.521647,18.05424
11.3,0.02,-0.3695295,17.89617
11.32,0.02,7.050787,17.78114
11.34,0.02,9.957126,17.81453
11.36,0.02,11.27424,17.90604
11.38,0.02,4.588718,18.02388
11.4,0.02,12.24775,18.00803
11.42,0.02,-2.163642,18.14536
11.44,0.02,8.832989,17.99445
11.46,0.02,12.76518,18.06347
11.48,0.02,6.312991,18.21115
11.5,0.02,6.915946,18.22977
11.52,0.02,6.212023,18.26044
11.54,0.02,7.307407,18.27704
11.56,0.02,11.57509,18.31556
11.58,0.02,1.557252,18.43944
11.6,0.02,-0.314848,18.36295
11.62,0.02,-1.479872,18.249
11.64,0.02,-1.63537,18.11178
11.66,0.02,6.629025,17.97142
11.68,0.02,11.13168,17.99638
11.7,0.02,11.82625,18.11139
11.72,0.02,7.022345,18.24028
11.74,0.02,5.922033,18.27309
11.76,0.02,2.353412,18.28388
11.78,0.02,12.37575,18.22333
11.8,0.02,7.697286,18.3632
11.82,0.02,7.155991,18.40951
11.84,0.02,6.308195,18.44501
11.86,0.02,9.890964,18.46355
11.88,0.02,1.310946,18.55371
11.9,0.02,0.6776112,18.4723
11.92,0.02,11.20675,18.37821
11.94,0.02,5.899685,18.49471
11.96,0.02,2.940401,18.50508
11.98,0.02,7.283836,18.45627
12,0.02,4.264473,18.49429
12.02,0.02,2.236764,18.47194
12.04,0.02,3.85102,18.40906
12.06,0.02,-1.671252,18.37844
12.08,0.02,10.60011,18.23737
12.1,0.02,2.823562,18.34173
12.12,0.02,0.8286361,18.29056
12.14,0.02,3.491086,18.19951
12.16,0.02,5.577737,18.16169
12.18,0.02,10.75888,18.16561
12.2,0.02,8.555695,18.27315
12.22,0.02,-0.7651259,18.33663
12.24,0.02,1.223218,18.21371
12.26,0.02,-0.6806183,18.13052
12.28,0.02,-0.4163053,18.00929
12.3,0.02,10.89425,17.89331
12.32,0.02,11.89136,18.00358
12.34,0.02,1.791101,18.13376
12.36,0.02,7.28486,18.06196
12.38,0.02,-1.000573,18.10003
12.4,0.02,6.520422,17.97236
12.42,0.02,-1.017599,17.99515
12.44,0.02,0.3111871,17.86715
12.46,0.02,5.850585,17.76574
12.48,0.02,-2.474254,17.77514
12.5,0.02,0.7182036,17.61802
12.52,0.02,10.34868,17.52475
12.54,0.02,8.196747,17.62409
12.56,0.02,5.43028,17.68039
12.58,0.02,0.770871,17.68135
12.6,0.02,12.36339,17.5891
12.62,0.02,11.68612,17.72874
12.64,0.02,-0.7335582,17.85484
12.66,0.02,2.476183,17.73254
12.68,0.02,2.601113,17.67446
12.7,0.02,6.498046,17.61883
12.72,0.02,2.650339,17.64117
12.74,0.02,13.61549,17.58652
12.76,0.02,7.929904,17.75118
12.78,0.02,9.319928,17.80216
12.8,0.02,-0.1863976,17.88093
12.82,0.02,-2.180021,17.76958
12.84,0.02,-2.356367,17.61833
12.86,0.02,0.929773,17.46357
12.88,0.02,13.70225,17.37452
12.9,0.02,3.904413,17.54094
12.92,0.02,-1.275441,17.51138
12.94,0.02,7.821141,17.37825
12.96,0.02,6.482275,17.42702
12.98,0.02,13.63306,17.44903
13,0.02,9.55547,17.61407
13.02,0.02,7.414444,17.69755
13.04,0.02,12.80143,17.73821
13.06,0.02,9.604818,17.8866
13.08,0.02,-2.842768,17.97106
13.1,0.02,11.54295,17.80658
13.12,0.02,0.9301254,17.9298
13.14,0.02,9.087252,17.84077
13.16,0.02,8.703733,17.91489
13.18,0.02,0.8629249,17.98132
13.2,0.02,-1.086681,17.89093
13.22,0.02,-0.4801225,17.76156
13.24,0.02,6.088025,17.64434
13.26,0.02,0.9778392,17.65844
13.28,0.02,10.20481,17.57035
13.3,0.02,3.559684,17.66684
13.32,0.02,11.11339,17.6304
13.34,0.02,1.355741,17.74502
13.36,0.02,8.233479,17.66451
13.38,0.02,3.02033,17.72155
13.4,0.02,6.760693,17.67432
13.42,0.02,1.730165,17.70189
13.44,0.02,-1.487241,17.62885
13.46,0.02,0.1657022,17.49151
13.48,0.02,5.779838,17.38715
13.5,0.02,13.38998,17.39513
13.52,0.02,11.61484,17.55529
13.54,0.02,10.53387,17.67995
13.56,0.02,-2.913495,17.783
13.58,0.02,8.833477,17.61711
13.6,0.02,4.779523,17.68613
13.62,0.02,-1.937524,17.67407
13.64,0.02,12.29734,17.5277
13.66,0.02,11.4198,17.666
13.68,0.02,7.392009,17.78677
13.7,0.02,13.08479,17.82699
13.72,0.02,3.814743,17.98103
13.74,0.02,9.595926,17.94971
13.76,0.02,7.416224,18.034
13.78,0.02,11.47604,18.07469
13.8,0.02,-1.199409,18.19655
13.82,0.02,-1.506105,18.06493
13.84,0.02,3.004316,17.9272
13.86,0.02,11.98267,17.87963
13.88,0.02,10.15543,18.01164
13.9,0.02,9.343533,18.10711
13.92,0.02,5.356292,18.18634
13.94,0.02,8.452835,18.18583
13.96,0.02,4.347326,18.24731
13.98,0.02,9.667909,18.2266
14,0.02,4.316267,18.3123
14.02,0.02,-1.783575,18.291
14.04,0.02,10.33773,18.14771
14.06,0.02,-2.141314,18.24681
14.08,0.02,6.479744,18.09636
14.1,0.02,3.019858,18.11834
14.12,0.02,2.137074,18.07107
14.14,0.02,8.918272,18.00618
14.16,0.02,12.25283,18.07692
14.18,0.02,12.27875,18.21434
14.2,0.02,12.94774,18.35229
14.22,0.02,6.574643,18.5036
14.24,0.02,3.788714,18.52743
14.26,0.02,0.5907022,18.49557
14.28,0.02,10.59423,18.39978
14.3,0.02,8.187366,18.50401
14.32,0.02,12.26334,18.56013
14.34,0.02,2.36779,18.69776
14.36,0.02,6.588226,18.63749
14.38,0.02,0.1321913,18.66162
14.4,0.02,5.73247,18.55658
14.42,0.02,12.40302,18.56361
14.44,0.02,-1.63252,18.70411
14.46,0.02,1.243753,18.56376
14.48,0.02,12.49135,18.48099
14.5,0.02,8.268334,18.62318
14.52,0.02,4.98963,18.68091
14.54,0.02,-2.010386,18.67311
14.56,0.02,5.177869,18.52528
14.58,0.02,8.035892,18.52117
14.6,0.02,0.4069526,18.57426
14.62,0.02,12.52842,18.4748
14.64,0.02,9.100636,18.61771
14.66,0.02,12.33285,18.69209
14.68,0.02,2.905322,18.83111
14.7,0.02,0.7422734,18.78159
14.72,0.02,6.972435,18.68877
14.74,0.02,6.715497,18.72057
14.76,0.02,2.482918,18.7473
14.78,0.02,11.93095,18.68932
14.8,0.02,10.6109,18.82027
14.82,0.02,1.667444,18.9249
14.84,0.02,-2.881529,18.85058
14.86,0.02,3.212594,18.6853
14.88,0.02,10.50325,18.64191
14.9,0.02,2.06412,18.74436
14.92,0.02,1.194322,18.67801
14.94,0.02,9.690562,18.59426
14.96,0.02,8.402893,18.68046
14.98,0.02,-2.661118,18.74086
15,0.02,8.754295,18.58001
15.02,0.02,-2.324841,18.64748
15.04,0.02,-1.989379,18.49331
15.06,0.02,3.368648,18.34591
15.08,0.02,9.322239,18.30561
15.1,0.02,10.8681,18.38444
15.12,0.02,3.473526,18.49418
15.14,0.02,2.678161,18.45604
15.16,0.02,10.82956,18.40195
15.18,0.02,0.08491395,18.51089
15.2,0.02,8.76428,18.40496
15.22,0.02,8.191672,18.47261
15.24,0.02,11.08924,18.5288
15.26,0.02,11.2883,18.64299
15.28,0.02,3.982158,18.76107
15.3,0.02,7.784033,18.73312
15.32,0.02,9.559845,18.78112
15.34,0.02,11.3774,18.8647
15.36,0.02,8.971528,18.98461
15.38,0.02,8.212609,19.05644
15.4,0.02,0.527846,19.11304
15.42,0.02,7.960583,19.01598
15.44,0.02,-1.078888,19.06751
15.46,0.02,2.398454,18.93835
15.48,0.02,0.5169411,18.87865
15.5,0.02,3.059461,18.78135
15.52,0.02,-0.6729355,18.73494
15.54,0.02,3.311841,18.61381
15.56,0.02,11.89357,18.57245
15.58,0.02,9.428032,18.70264
15.6,0.02,9.837533,18.78359
15.62,0.02,7.107395,18.87271
15.64,0.02,3.890967,18.90722
15.66,0.02,12.07988,18.87741
15.68,0.02,0.9516485,19.01136
15.7,0.02,-1.864199,18.92276
15.72,0.02,-1.339046,18.77784
15.74,0.02,-0.2488977,18.64344
15.76,0.02,0.255556,18.5308
15.78,0.02,7.521571,18.42832
15.8,0.02,11.56581,18.47108
15.82,0.02,5.053042,18.59476
15.84,0.02,3.863839,18.58823
15.86,0.02,6.446411,18.55785
15.88,0.02,0.8892203,18.57912
15.9,0.02,-2.960803,18.48929
15.92,0.02,11.87271,18.32244
15.94,0.02,6.124052,18.45226
15.96,0.02,11.90306,18.4671
15.98,0.02,7.946453,18.59753
16,0.02,4.379683,18.64881
16.02,0.02,0.4289786,18.62881
16.04,0.02,5.056599,18.52971
16.06,0.02,3.665392,18.52321
16.08,0.02,9.939748,18.4889
16.1,0.02,11.25126,18.58008
16.12,0.02,10.36031,18.69743
16.14,0.02,4.330522,18.79704
16.16,0.02,2.223214,18.77598
16.18,0.02,2.303357,18.71283
16.2,0.02,8.168943,18.65125
16.22,0.02,3.720963,18.70699
16.24,0.02,10.92696,18.67379
16.26,0.02,4.689957,18.78471
16.28,0.02,0.8461576,18.77089
16.3,0.02,11.50662,18.68014
16.32,0.02,6.99109,18.80268
16.34,0.02,-2.504579,18.83477
16.36,0.02,2.068413,18.67712
16.38,0.02,-2.273533,18.611
16.4,0.02,3.294202,18.45793
16.42,0.02,2.074413,18.41623
16.44,0.02,-1.927108,18.35006
16.46,0.02,4.44888,18.20388
16.48,0.02,-3.228387,18.18524
16.5,0.02,6.041821,18.013
16.52,0.02,3.251261,18.02617
16.54,0.02,-3.130993,17.98357
16.56,0.02,10.37255,17.81331
16.58,0.02,11.56275,17.91313
16.6,0.02,2.912124,18.03676
16.62,0.02,2.326936,17.9873
16.64,0.02,12.18212,17.92628
16.66,0.02,8.547553,18.06224
16.68,0.02,6.752063,18.12555
16.7,0.02,1.689024,18.153
16.72,0.02,2.444396,18.07927
16.74,0.02,-3.313729,18.02055
16.76,0.02,11.7206,17.8467
16.78,0.02,1.431525,17.97359
16.8,0.02,3.957651,17.89454
16.82,0.02,-2.520697,17.86626
16.84,0.02,8.425529,17.70786
16.86,0.02,4.835928,17.7681
16.88,0.02,8.994499,17.75733
16.9,0.02,8.083208,17.82984
16.92,0.02,-0.5291565,17.88439
16.94,0.02,7.641097,17.76742
16.96,0.02,8.50696,17.81572
16.98,0.02,7.184234,17.88713
17,0.02,5.590801,17.93015
17.02,0.02,-2.644866,17.94587
17.04,0.02,-3.226265,17.8003
17.06,0.02,6.780268,17.64696
17.08,0.02,7.672649,17.69696
17.1,0.02,0.09164216,17.76883
17.12,0.02,4.107481,17.69248
17.14,0.02,4.529398,17.70038
17.16,0.02,-3.031711,17.7198
17.18,0.02,1.789283,17.59176
17.2,0.02,7.702619,17.56332
17.22,0.02,10.779,17.67717
17.24,0.02,0,17.85471
17.26,0.02,0,17.81881
17.28,0.02,0,17.785
17.3,0.02,0,17.7533
17.32,0.02,0,17.72371
17.34,0.02,0,17.69624
17.36,0.02,0,17.67091
17.38,0.02,0,17.64773
17.4,0.02,0,17.6267
17.42,0.02,0,17.60783
17.44,0.02,0,17.59113
17.46,0.02,0,17.5766
17.48,0.02,0,17.56426
17.5,0.02,0,17.5541
17.52,0.02,0,17.54612
17.54,0.02,0,17.54034
17.56,0.02,0,17.53675
17.58,0.02,0,17.53536
17.6,0.02,0,17.53616
17.62,0.02,0,17.53915
17.64,0.02,0,17.54434
17.66,0.02,0,17.55172
17.68,0.02,0,17.56129
17.7,0.02,0,17.57305
17.72,0.02,0,17.58698
17.74,0.02,0,17.6031
17.76,0.02,0,17.62138
17.78,0.02,0,17.64182
17.8,0.02,0,17.66442
17.82,0.02,0,17.68917
17.84,0.02,0,17.71606
17.86,0.02,0,17.74508
17.88,0.02,0,17.77621
17.9,0.02,0,17.80945
17.92,0.02,0,17.84479
17.94,0.02,0,17.88221
17.96,0.02,0,17.9217
17.98,0.02,0,17.67801
18,0.02,8.245052,17.63215
18.02,0.02,9.913278,17.79492
18.04,0.02,5.605646,18.00042
18.06,0.02,12.20592,18.12416
18.08,0.02,5.358011,18.37819
18.1,0.02,10.62503,18.49916
18.12,0.02,9.644444,18.72372
18.14,0.02,-1.645522,18.92974
18.16,0.02,0.08512761,18.91688
18.18,0.02,2.277186,18.93894
18.2,0.02,0.9886642,19.00458
18.22,0.02,4.511241,18.1791
18.24,0.02,-1.889963,18.25358
18.26,0.02,0.6254101,18.20302
18.28,0.02,4.962447,18.20123
18.3,0.02,7.66079,18.28496
18.32,0.02,-0.873235,16.87453
18.34,0.02,13.77352,16.83326
18.36,0.02,0.6736287,17.07805
18.38,0.02,1.743456,17.07413
18.4,0.02,5.447065,17.07297
18.42,0.02,9.555022,17.08016
18.44,0.02,1.997568,17.20427
18.46,0.02,8.947054,17.18366
18.48,0.02,7.412236,17.30344
18.5,0.02,-3.154003,17.39277
18.52,0.02,1.170463,17.27082
18.54,0.02,9.403734,17.23537
18.56,0.02,-2.652549,17.36459
18.58,0.02,8.125649,17.25267
18.6,0.02,12.47517,17.35633
18.62,0.02,3.5036,17.54697
18.64,0.02,12.69284,17.55819
18.66,0.02,9.384503,17.75318
18.68,0.02,-3.309777,17.88201
18.7,0.02,11.8238,17.75696
18.72,0.02,11.18015,17.93457
18.74,0.02,7.411714,18.09932
18.76,0.02,12.88142,18.18869
18.78,0.02,10.46476,18.38746
18.8,0.02,0.9211075,18.53789
18.82,0.02,-0.1540319,18.49746
18.84,0.02,2.199988,18.43551
18.86,0.02,3.749394,18.42066
18.88,0.02,1.423913,18.43678
18.9,0.02,-0.3254146,18.4064
18.92,0.02,9.664381,18.34104
18.94,0.02,4.409372,18.47546
18.96,0.02,2.477991,18.50479
18.98,0.02,0.1810959,18.49549
19,0.02,1.365545,18.44025
19.02,0.02,9.76932,18.4087
19.04,0.02,10.4512,18.54523
19.06,0.02,10.88814,18.6954
19.08,0.02,8.327687,18.8543
19.1,0.02,9.360186,18.96199
19.12,0.02,-2.096806,19.09034
19.14,0.02,9.579902,18.98954
19.16,0.02,2.173747,19.12228
19.18,0.02,6.134741,19.10689
19.2,0.02,4.943479,19.17071
19.22,0.02,6.500126,19.21072
19.24,0.02,6.641038,19.28187
19.26,0.02,11.56365,19.35583
19.28,0.02,-0.8422401,19.52824
19.3,0.02,-1.932427,19.45253
19.32,0.02,-2.547202,19.35502
19.34,0.02,5.300217,19.24522
19.36,0.02,3.200095,19.29237
19.38,0.02,-2.960022,19.29751
19.4,0.02,-1.060767,19.17945
19.42,0.02,4.821303,19.09937
19.44,0.02,9.097243,19.13694
19.46,0.02,11.26189,19.26003
19.48,0.02,9.176759,19.4264
19.5,0.02,-1.40113,19.55108
19.52,0.02,8.068695,19.4642
19.54,0.02,6.787962,19.56671
19.56,0.02,10.06293,19.64361
19.58,0.02,5.871045,19.78601
19.6,0.02,0.09947412,19.84457
19.62,0.02,0.199396,19.7877
19.64,0.02,9.804739,19.73282
19.66,0.02,0.8615091,19.87006
19.68,0.02,0.8386552,19.82843
19.7,0.02,-0.9332821,19.78634
19.72,0.02,-2.252487,19.70882
19.74,0.02,11.43459,19.60491
19.76,0.02,1.006483,19.77474
19.78,0.02,9.037156,19.73601
19.8,0.02,5.363391,19.85789
19.82,0.02,4.131801,19.9063
19.84,0.02,10.96969,19.93008
19.86,0.02,11.86688,20.09061
19.88,0.02,8.204446,20.26909
19.9,0.02,11.43056,20.37432
19.92,0.02,2.2506,20.54407
19.94,0.02,7.789927,20.53022
19.96,0.02,3.777491,20.62716
19.98,0.02,7.817032,20.64385
20,0.02,9.691077,20.74133
20.02,0.02,0.5084487,20.87629
20.04,0.02,1.777639,20.8276
20.06,0.02,0.7712882,20.80429
20.08,0.02,9.169968,20.76086
20.1,0.02,1.566398,20.8854
20.12,0.02,-2.577992,20.85787
20.14,0.02,-0.9772742,20.74745
20.16,0.02,6.450033,20.66904
20.18,0.02,-1.728948,20.73918
20.2,0.02,5.666554,20.64574
20.22,0.02,11.54809,20.70021
20.24,0.02,8.629904,20.87232
20.26,0.02,7.512836,20.98606
20.28,0.02,7.921698,21.07745
20.3,0.02,0.2571206,21.17703
20.32,0.02,4.997138,21.12331
20.34,0.02,10.80008,21.16439
20.36,0.02,-2.417797,21.32154
20.38,0.02,5.101337,21.21432
20.4,0.02,6.568362,21.25748
20.42,0.02,0.08627272,21.32999
20.44,0.02,0.3282768,21.27286
20.46,0.02,1.281749,21.22056
20.48,0.02,-2.588436,21.18734
20.5,0.02,6.726638,21.07671
20.52,0.02,6.788663,21.15238
20.54,0.02,8.703387,21.2293
20.56,0.02,7.770705,21.34451
20.58,0.02,8.366838,21.44106
20.6,0.02,-0.6525902,21.54954
20.62,0.02,0.2076596,21.47763
20.64,0.02,4.451953,21.42292
20.66,0.02,-0.5344997,21.4531
20.68,0.02,1.275634,21.38355
20.7,0.02,-1.25115,21.3502
20.72,0.02,2.004424,21.26632
20.74,0.02,-2.729732,21.24755
20.76,0.02,3.532328,21.13409
20.78,0.02,2.759192,21.14588
20.8,0.02,6.06387,21.1422
20.82,0.02,5.160199,21.20462
20.84,0.02,0.5006068,21.24896
20.86,0.02,9.492867,21.20012
20.88,0.02,11.01115,21.33111
20.9,0.02,6.270217,21.49248
20.92,0.02,3.398053,21.55902
20.94,0.02,3.38563,21.56812
20.96,0.02,1.378082,21.57697
20.98,0.02,-2.428564,21.54568
21,0.02,9.041817,21.43825
21.02,0.02,-2.710695,21.56022
21.04,0.02,1.203463,21.44715
21.06,0.02,5.144209,21.41236
21.08,0.02,10.75675,21.45638
21.1,0.02,3.572947,21.61265
21.12,0.02,-2.07777,21.62525
21.14,0.02,5.311923,21.52484
21.16,0.02,7.827105,21.57222
21.18,0.02,6.540695,21.6699
21.2,0.02,5.411167,21.74185
21.22,0.02,4.662306,21.79121
21.24,0.02,4.337407,21.8256
21.26,0.02,-0.235788,21.85349
21.28,0.02,-1.057925,21.78992
21.3,0.02,10.73573,21.7099
21.32,0.02,0.3098026,21.86575
21.34,0.02,6.169516,21.81309
21.36,0.02,8.217461,21.87762
21.38,0.02,5.802487,21.98311
21.4,0.02,9.615679,22.04029
21.42,0.02,4.238005,22.17375
21.44,0.02,0.1408651,22.19965
21.46,0.02,-0.2131116,22.14361
21.48,0.02,5.129745,22.08048
21.5,0.02,9.541116,22.12422
21.52,0.02,9.404692,22.25618
21.54,0.02,2.552422,22.38541
21.56,0.02,0.4197617,22.3776
21.58,0.02,-0.2416636,22.32714
21.6,0.02,7.975853,22.26344
21.62,0.02,3.420895,22.3641
21.64,0.02,1.898831,22.37366
21.66,0.02,9.069053,22.35278
21.68,0.02,-1.358221,22.4753
21.7,0.02,10.60913,22.38928
21.72,0.02,10.45058,22.5426
21.74,0.02,1.449345,22.69275
21.76,0.02,3.646437,22.66288
21.78,0.02,9.611644,22.67694
21.8,0.02,0.8208576,22.81032
21.82,0.02,-1.685168,22.76787
21.84,0.02,0.9942779,22.67531
21.86,0.02,2.216779,22.63634
21.88,0.02,9.793019,22.62181
21.9,0.02,3.741595,22.75881
21.92,0.02,6.911775,22.77479
21.94,0.02,3.16794,22.85416
21.96,0.02,0.5214141,22.85866
21.98,0.02,4.421353,22.81023
22,0.02,0.2330906,22.8398
22.02,0.02,1.956182,22.7856
22.04,0.02,3.429509,22.76586
22.06,0.02,4.532653,22.77559
22.08,0.02,9.327065,22.80738
22.1,0.02,1.021507,22.93506
22.12,0.02,0.6427246,22.89664
22.14,0.02,8.94121,22.85063
22.16,0.02,3.878649,22.97059
22.18,0.02,2.350022,22.98931
22.2,0.02,7.828434,22.97745
22.22,0.02,-2.570478,23.07516
22.24,0.02,4.90102,22.96489
22.26,0.02,4.243636,23.00405
22.28,0.02,-0.4000009,23.03006
22.3,0.02,2.636243,22.9632
22.32,0.02,1.055234,22.95707
22.34,0.02,0.2257923,22.91931
22.36,0.02,7.433035,22.86497
22.38,0.02,5.537277,22.95477
22.4,0.02,4.514727,23.00666
22.42,0.02,4.417254,23.03809
22.44,0.02,6.51206,23.06758
22.46,0.02,2.680462,23.13896
22.48,0.02,1.539567,23.13371
22.5,0.02,0.7224185,23.10564
22.52,0.02,7.922563,23.06123
22.54,0.02,0.7761781,23.1608
22.56,0.02,5.212584,23.11746
22.58,0.02,-0.1915073,23.16285
22.6,0.02,-1.009565,23.10016
22.62,0.02,5.916319,23.02111
22.64,0.02,2.095205,23.08058
22.66,0.02,5.986899,23.06362
22.68,0.02,10.08187,23.12449
22.7,0.02,3.539923,23.26727
22.72,0.02,2.18339,23.27919
22.74,0.02,-0.2104481,23.26403
22.76,0.02,5.596595,23.20096
22.78,0.02,-1.850319,23.25403
22.8,0.02,-0.110142,23.15817
22.82,0.02,6.096464,23.09711
22.84,0.02,6.186459,23.16018
22.86,0.02,6.656973,23.22504
22.88,0.02,3.007177,23.29932
22.9,0.02,5.065786,23.30061
22.92,0.02,5.371182,23.34307
22.94,0.02,-0.9014904,23.39163
22.96,0.02,5.880922,23.31474
22.98,0.02,-1.742715,23.3735
23,0.02,-1.693721,23.27978
23.02,0.02,3.223402,23.18705
23.04,0.02,8.966023,23.19265
23.06,0.02,2.034642,23.31312
23.08,0.02,-1.32286,23.29495
23.1,0.02,3.721133,23.20963
23.12,0.02,2.556612,23.22519
23.14,0.02,1.718033,23.21747
23.16,0.02,1.611418,23.19297
23.18,0.02,8.429422,23.16634
23.2,0.02,4.687261,23.27606
23.22,0.02,3.624267,23.31095
23.24,0.02,8.286529,23.32457
23.26,0.02,2.719135,23.43145
23.28,0.02,8.007782,23.42697
23.3,0.02,6.871968,23.52826
23.32,0.02,3.154116,23.60684
23.34,0.02,8.54465,23.61106
23.36,0.02,5.046949,23.7231
23.38,0.02,4.913386,23.76518
23.4,0.02,4.33839,23.80459
23.42,0.02,-0.7248514,23.8325
23.44,0.02,-2.431319,23.75914
23.46,0.02,9.534534,23.65165
23.48,0.02,2.188255,23.78348
23.5,0.02,6.756057,23.76839
23.52,0.02,9.454335,23.84465
23.54,0.02,1.570309,23.97488
23.56,0.02,3.310794,23.94742
23.58,0.02,9.582179,23.95478
23.6,0.02,-1.823517,24.08756
23.62,0.02,-1.124222,23.99223
23.64,0.02,8.240609,23.91089
23.66,0.02,0.1442041,24.01684
23.68,0.02,0.950406,23.96086
23.7,0.02,6.725869,23.92102
23.72,0.02,-1.083984,23.99668
23.74,0.02,0.002396469,23.91616
23.76,0.02,-1.215743,23.85748
23.78,0.02,3.035757,23.77433
23.8,0.02,4.114633,23.77621
23.82,0.02,9.422313,23.79967
23.84,0.02,8.464286,23.92924
23.86,0.02,0.5739986,24.03967
23.88,0.02,2.975264,23.99226
23.9,0.02,1.506255,23.9929
23.92,0.02,1.999703,23.96415
23.94,0.02,-1.299935,23.94525
23.96,0.02,9.954001,23.8604
23.98,0.02,-0.3948104,24.00061
24,0.02,7.825106,23.93389
24.02,0.02,1.963932,24.03158
24.04,0.02,3.793282,24.01211
24.06,0.02,8.605092,24.0292
24.08,0.02,2.663468,24.14273
24.1,0.02,1.190171,24.13703
24.12,0.02,-1.126792,24.10106
24.14,0.02,8.095359,24.01974
24.16,0.02,-0.974066,24.12328
24.18,0.02,2.245367,24.04656
24.2,0.02,7.245896,24.03637
24.22,0.02,6.642408,24.12932
24.24,0.02,0.2137499,24.22211
24.26,0.02,6.263861,24.18103
24.28,0.02,4.276984,24.26881
24.3,0.02,7.791223,24.32224
24.32,0.02,9.349932,24.45078
24.34,0.02,9.3052,24.61508
24.36,0.02,8.988762,24.78292
24.38,0.02,-2.179844,24.96846
24.4,0.02,0,24.93221
24.42,0.02,0,24.94107
24.44,0.02,0,24.95147
24.46,0.02,0,24.9634
24.48,0.02,0,24.97687
24.5,0.02,0,24.99187
24.52,0.02,0,25.00841
24.54,0.02,0,25.02647
24.56,0.02,0,25.04605
24.58,0.02,0,25.06716
24.6,0.02,0,25.08978
24.62,0.02,0,25.11391
24.64,0.02,0,25.13955
24.66,0.02,0,25.1667
24.68,0.02,0,25.19534
24.7,0.02,0,25.22548
24.72,0.02,0,25.25711
24.74,0.02,0,25.29022
24.76,0.02,0,25.3248
24.78,0.02,0,25.36086
24.8,0.02,0,25.39838
24.82,0.02,0,25.43736
24.84,0.02,0,25.47779
24.86,0.02,0,25.51966
24.88,0.02,0,25.56297
24.9,0.02,0,25.60771
24.92,0.02,0,25.65388
24.94,0.02,0,25.70146
24.96,0.02,0,25.75044
24.98,0.02,0,25.80083
25,0.02,0,25.8526
25.02,0.02,0,25.90576
25.04,0.02,0,25.96029
25.06,0.02,0,26.01619
25.08,0.02,0,26.07344
25.1,0.02,0,26.13205
25.12,0.02,0,26.19199
25.14,0.02,0,26.25326
25.16,0.02,0,26.31585
25.18,0.02,0,26.37975
25.2,0.02,0,26.44495
25.22,0.02,0,26.0847
25.24,0.02,4.113016,26.11154
25.26,0.02,5.532629,26.23004
25.28,0.02,4.545164,26.37941
25.3,0.02,4.337489,25.88242
25.32,0.02,3.75894,25.98151
25.34,0.02,-0.07698005,26.06778
25.36,0.02,3.566194,26.07902
25.38,0.02,2.156627,26.16178
25.4,0.02,7.589521,26.21692
25.42,0.02,4.383739,25.05586
25.44,0.02,1.728119,25.14418
25.46,0.02,0.9839085,25.17834
25.48,0.02,0.8305972,25.2152
25.5,0.02,3.384412,25.24881
25.52,0.02,5.472646,25.34294
25.54,0.02,7.537499,25.4602
25.56,0.02,7.471528,25.57383
25.58,0.02,3.84691,25.71547
25.6,0.02,3.758504,25.75805
25.62,0.02,0.9330669,25.76478
25.64,0.02,9.021099,25.75067
25.66,0.02,5.607439,25.9054
25.68,0.02,0.8772255,25.99329
25.7,0.02,8.602338,25.98696
25.72,0.02,6.138955,26.13511
25.74,0.02,-2.071517,26.234
25.76,0.02,8.664457,26.16865
25.78,0.02,6.098271,26.31804
25.8,0.02,1.939514,26.41613
25.82,0.02,8.100946,26.43102
25.84,0.02,-0.1145716,26.56915
25.86,0.02,5.075351,26.54298
25.88,0.02,-1.03432,26.62056
25.9,0.02,4.405232,26.57598
25.92,0.02,6.761176,26.64019
25.94,0.02,-0.1386212,26.75152
25.96,0.02,6.219157,26.72482
25.98,0.02,3.374584,26.82533
26,0.02,-1.051932,26.86892
26.02,0.02,8.890418,26.82397
26.04,0.02,1.60866,26.97791
26.06,0.02,-0.9173757,26.9862
26.08,0.02,1.024018,26.94396
26.1,0.02,2.838329,26.94056
26.12,0.02,6.133294,26.97338
26.14,0.02,-1.293943,27.07218
26.16,0.02,5.623653,27.02239
26.18,0.02,7.926081,27.11097
26.2,0.02,8.232915,27.24559
26.22,0.02,0.9780241,27.38633
26.24,0.02,0.06575615,27.38201
26.26,0.02,7.372171,27.35941
26.28,0.02,4.770961,27.48301
26.3,0.02,8.024508,27.55455
26.32,0.02,2.906736,27.69113
26.34,0.02,5.364439,27.72536
26.36,0.02,5.345186,27.80873
26.38,0.02,1.38558,27.89176
26.4,0.02,5.654072,27.89556
26.42,0.02,6.95807,27.98477
26.44,0.02,-1.165503,28.10001
26.46,0.02,-0.1125533,28.05283
26.48,0.02,-0.5612485,28.02666
26.5,0.02,6.939993,27.99152
26.52,0.02,1.413534,28.10646
26.54,0.02,6.542483,28.11082
26.56,0.02,-0.4542551,28.2178
26.58,0.02,8.044212,28.18479
26.6,0.02,0.7682989,28.32179
26.62,0.02,-0.3963257,28.31325
26.64,0.02,3.995418,28.28138
26.66,0.02,3.865768,28.33745
26.68,0.02,7.395529,28.39087
26.7,0.02,7.353642,28.51492
26.72,0.02,-1.867973,28.63809
26.74,0.02,6.09716,28.57679
26.76,0.02,0.9481493,28.67485
26.78,0.02,8.022863,28.66992
26.8,0.02,0.6315784,28.80648
26.82,0.02,2.999675,28.79523
26.84,0.02,-1.838637,28.83135
26.86,0.02,3.13713,28.77065
26.88,0.02,6.952085,28.80949
26.9,0.02,0.06844492,28.92462
26.92,0.02,4.288077,28.9021
26.94,0.02,1.088931,28.96394
26.96,0.02,5.73736,28.96184
26.98,0.02,6.700628,29.05267
27,0.02,3.330236,29.16278
27.02,0.02,1.154298,29.20554
27.04,0.02,6.574115,29.20476
27.06,0.02,6.550114,29.31227
27.08,0.02,-1.425619,29.4194
27.1,0.02,-0.9569113,29.36701
27.12,0.02,-1.428058,29.324
27.14,0.02,0.9727772,29.27153
27.16,0.02,6.476561,29.26707
27.18,0.02,3.756568,29.37274
27.2,0.02,3.845417,29.42397
27.22,0.02,2.31846,29.47694
27.24,0.02,1.029593,29.4994
27.26,0.02,6.702537,29.49608
27.28,0.02,-0.09914032,29.60624
27.3,0.02,5.538978,29.5804
27.32,0.02,4.79721,29.66729
27.34,0.02,3.472137,29.73935
27.36,0.02,5.912824,29.78488
27.38,0.02,-0.03726025,29.87926
27.4,0.02,6.50884,29.8546
27.42,0.02,0.5616619,29.96087
27.44,0.02,0.1511594,29.94818
27.46,0.02,-0.9795443,29.92731
27.48,0.02,0.174372,29.88387
27.5,0.02,3.464141,29.86349
27.52,0.02,2.258569,29.90885
27.54,0.02,6.419926,29.93014
27.56,0.02,4.71303,30.03457
27.58,0.02,7.550393,30.10495
27.6,0.02,0.9941669,30.2321
27.62,0.02,4.277296,30.22808
27.64,0.02,-1.096547,30.28976
27.66,0.02,4.643667,30.24392
27.68,0.02,3.91632,30.31291
27.7,0.02,5.697308,30.36732
27.72,0.02,6.782209,30.45737
27.74,0.02,-1.628765,30.56912
27.76,0.02,4.54583,30.51266
27.78,0.02,4.667597,30.57962
27.8,0.02,0.3505948,30.64911
27.82,0.02,2.518864,30.63227
27.84,0.02,1.966511,30.65869
27.86,0.02,4.503954,30.67416
27.88,0.02,5.94607,30.74036
27.9,0.02,7.547887,30.83534
27.92,0.02,7.719686,30.96243
27.94,0.02,0.6344066,31.09293
27.96,0.02,6.061153,31.08172
27.98,0.02,5.613936,31.17902
28,0.02,3.54518,31.26744
28.02,0.02,-1.60344,31.31442
28.04,0.02,1.834149,31.25844
28.06,0.02,2.395034,31.27122
28.08,0.02,5.628126,31.29523
28.1,0.02,0.2088018,31.38391
28.12,0.02,7.386199,31.3642
28.14,0.02,5.923331,31.488
28.16,0.02,-1.449722,31.58256
28.18,0.02,6.065665,31.52972
28.2,0.02,6.027372,31.62714
28.22,0.02,6.148109,31.72375
28.24,0.02,0.2269575,31.82281
28.26,0.02,1.62247,31.80343
28.28,0.02,-1.416107,31.81202
28.3,0.02,5.825536,31.75982
28.32,0.02,7.433229,31.85244
28.34,0.02,0.2113371,31.97722
28.36,0.02,3.123925,31.95753
28.38,0.02,4.495113,31.99612
28.4,0.02,2.701992,32.0621
28.42,0.02,1.32005,32.09221
28.44,0.02,2.541009,32.09473
28.46,0.02,1.411264,32.12167
28.48,0.02,3.774784,32.12603
28.5,0.02,0.5953277,32.1776
28.52,0.02,5.993135,32.16563
28.54,0.02,5.927446,32.2616
28.56,0.02,5.932886,32.35625
28.58,0.02,4.402101,32.45097
28.6,0.02,3.818418,32.51514
28.62,0.02,2.653781,32.56765
28.64,0.02,1.692718,32.59682
28.66,0.02,1.90905,32.60675
28.68,0.02,1.015986,32.62103
28.7,0.02,-1.329139,32.61749
28.72,0.02,3.973512,32.56701
28.74,0.02,6.837584,32.62253
28.76,0.02,2.504674,32.73539
28.78,0.02,1.815989,32.76163
28.8,0.02,2.889489,32.77402
28.82,0.02,1.555994,32.80791
28.84,0.02,1.348819,32.81513
28.86,0.02,3.018573,32.81819
28.88,0.02,-0.6477714,32.85466
28.9,0.02,6.978292,32.81783
28.92,0.02,6.40894,32.9335
28.94,0.02,3.086592,33.03784
28.96,0.02,6.702328,33.07563
28.98,0.02,5.973042,33.18584
29,0.02,1.847242,33.28137
29.02,0.02,-1.202426,33.29442
29.04,0.02,3.2613,33.24647
29.06,0.02,0.705332,33.28783
29.08,0.02,0.8352188,33.27802
29.1,0.02,4.984663,33.27085
29.12,0.02,0.3213809,33.34667
29.14,0.02,4.699543,33.32917
29.16,0.02,5.322193,33.39922
29.18,0.02,-0.5456903,33.48179
29.2,0.02,1.916084,33.44702
29.22,0.02,4.894826,33.46139
29.24,0.02,-0.2353165,33.53541
29.26,0.02,0.3918597,33.50682
29.28,0.02,0.6443415,33.49079
29.3,0.02,0.5254478,33.47979
29.32,0.02,-1.243993,33.46638
29.34,0.02,4.345586,33.41761
29.36,0.02,2.251775,33.48062
29.38,0.02,5.477054,33.50173
29.4,0.02,1.441428,33.58738
29.42,0.02,1.481139,33.59234
29.44,0.02,3.993287,33.59803
29.46,0.02,0.005588134,33.654
29.48,0.02,2.307462,33.63021
29.5,0.02,0.288785,33.65252
29.52,0.02,0.5289031,33.63438
29.54,0.02,-0.8936166,33.62106
29.56,0.02,3.126453,33.57931
29.58,0.02,5.91361,33.61792
29.6,0.02,3.515786,33.71232
29.62,0.02,4.049282,33.75872
29.64,0.02,-0.3390626,33.8158
29.66,0.02,1.719867,33.7851
29.68,0.02,0.3120888,33.79557
29.7,0.02,3.187901,33.77796
29.72,0.02,-0.9450666,33.81781
29.74,0.02,6.368854,33.77503
29.76,0.02,-0.2345824,33.87848
29.78,0.02,0.1360221,33.84993
29.8,0.02,0.7514242,33.82871
29.82,0.02,2.887793,33.81991
29.84,0.02,3.252362,33.85377
29.86,0.02,-0.09881332,33.89492
29.88,0.02,0.270887,33.86903
29.9,0.02,5.152595,33.85056
29.92,0.02,3.730446,33.92973
29.94,0.02,2.603946,33.9804
29.96,0.02,-0.3142431,34.00863
29.98,0.02,0.5518127,33.97844
30,0.02,5.852312,33.96556
30.02,0.02,5.282326,34.05872
30.04,0.02,2.395698,34.14047
30.06,0.02,0.2392534,34.16446
30.08,0.02,4.800027,34.14535
30.1,0.02,-0.09500244,34.21747
30.12,0.02,3.745901,34.19167
30.14,0.02,2.031128,34.24269
30.16,0.02,5.821948,34.2594
30.18,0.02,-1.271617,34.35198
30.2,0.02,0.8449541,34.30259
30.22,0.02,4.372004,34.29557
30.24,0.02,0.9299457,34.35915
30.26,0.02,-0.03424758,34.35389
30.28,0.02,0.4009782,34.32929
30.3,0.02,4.608278,34.31341
30.32,0.02,4.652851,34.38168
30.34,0.02,-0.8446177,34.45085
30.36,0.02,5.956528,34.41003
30.38,0.02,0.3923559,34.50527
30.4,0.02,3.904785,34.48924
30.42,0.02,5.0544,34.54346
30.44,0.02,6.34064,34.62062
30.46,0.02,1.001968,34.72354
30.48,0.02,5.237678,34.71966
30.5,0.02,4.581115,34.80053
30.52,0.02,1.585157,34.86826
30.54,0.02,0.5648916,34.87608
30.56,0.02,5.359946,34.86352
30.58,0.02,1.426305,34.94686
30.6,0.02,4.972385,34.95156
30.62,0.02,5.751483,35.0272
30.64,0.02,5.921123,35.11834
30.66,0.02,2.199807,35.21289
30.68,0.02,1.660394,35.23294
30.7,0.02,-1.47917,35.24224
30.72,0.02,6.18217,35.18869
30.74,0.02,0.9169667,35.28845
30.76,0.02,0.4193838,35.28293
30.78,0.02,-0.5419186,35.2675
30.8,0.02,3.684136,35.23287
30.82,0.02,6.270154,35.28288
30.84,0.02,1.279727,35.38356
30.86,0.02,-1.465997,35.38534
30.88,0.02,2.727984,35.33396
30.9,0.02,-0.4439729,35.36942
30.92,0.02,6.410651,35.34677
30.94,0.02,-1.135717,35.46737
30.96,0.02,-0.3861899,35.45836
30.98,0.02,5.966064,35.45141
31,0.02,1.106101,35.5831
31.02,0.02,1.144683,35.64213
31.04,0.02,0,35.70295
31.06,0.02,0,35.74194
31.08,0.02,0,35.78196
31.1,0.02,0,35.82302
31.12,0.02,0,35.8651
31.14,0.02,0,35.90821
31.16,0.02,0,35.95233
31.18,0.02,0,35.99747
31.2,0.02,0,36.04362
31.22,0.02,0,36.09078
31.24,0.02,0,36.13894
31.26,0.02,0,36.1881
31.28,0.02,0,36.23826
31.3,0.02,0,36.28941
31.32,0.02,0,36.34154
31.34,0.02,0,36.39466
31.36,0.02,0,36.44876
31.38,0.02,0,36.50383
31.4,0.02,0,36.55987
31.42,0.02,0,36.61688
31.44,0.02,0,36.67485
31.46,0.02,0,36.73377
31.48,0.02,0,36.79365
31.5,0.02,0,36.85447
31.52,0.02,0,36.91624
31.54,0.02,0,36.97894
31.56,0.02,0,37.04258
31.58,0.02,0,37.10715
31.6,0.02,0,37.17263
31.62,0.02,0,37.23904
31.64,0.02,0,37.30636
31.66,0.02,0,37.37459
31.68,0.02,0,37.44373
31.7,0.02,0,37.51376
31.72,0.02,0,37.58469
31.74,0.02,0,37.6565
31.76,0.02,0,37.7292
31.78,0.02,0,37.80278
31.8,0.02,0,37.87723
31.82,0.02,0,37.95255
31.84,0.02,0,38.02873
31.86,0.02,0,38.10577
31.88,0.02,0,38.18366
31.9,0.02,0,38.2624
31.92,0.02,0,38.34198
31.94,0.02,0,38.4224
31.96,0.02,0,38.50365
31.98,0.02,0,38.58573
32,0.02,0,38.66862
32.02,0.02,0,38.75234
32.04,0.02,0,38.83686
32.06,0.02,0,38.9222
32.08,0.02,0,39.00833
32.1,0.02,0,39.09525
32.12,0.02,0,39.18297
32.14,0.02,0,39.27147
32.16,0.02,0,39.36074
32.18,0.02,0,39.4508
32.2,0.02,0,39.54162
32.22,0.02,0,39.6332
32.24,0.02,0,39.72554
32.26,0.02,0,39.81864
32.28,0.02,0,39.91248
32.3,0.02,0,40.00706
32.32,0.02,0,40.10238
32.34,0.02,0,40.19844
32.36,0.02,0,40.29522
32.38,0.02,0,40.39272
32.4,0.02,0,40.49093
32.42,0.02,0,40.58986
32.44,0.02,0,40.68949
32.46,0.02,0,40.78982
32.48,0.02,0,40.89085
32.5,0.02,0,40.99257
32.52,0.02,0,41.09497
32.54,0.02,0,41.19805
32.56,0.02,0,41.30181
32.58,0.02,0,41.40623
32.6,0.02,0,41.51133
32.62,0.02,0,41.61708
32.64,0.02,0,41.72348
32.66,0.02,0,41.83054
32.68,0.02,0,41.93824
32.7,0.02,0,42.04658
32.72,0.02,0,42.15555
32.74,0.02,0,42.26515
32.76,0.02,0,42.37538
32.78,0.02,0,42.48623
32.8,0.02,0,42.59769
32.82,0.02,0,42.70977
32.84,0.02,0,42.82245
32.86,0.02,0,42.93573
32.88,0.02,0,43.04961
32.9,0.02,0,43.16408
32.92,0.02,0,43.27913
32.94,0.02,0,43.39477
32.96,0.02,0,43.51098
32.98,0.02,0,43.62777
33,0.02,0,43.74512
33.02,0.02,0,43.86304
33.04,0.02,0,43.98152
33.06,0.02,0,44.10056
33.08,0.02,0,44.22014
33.1,0.02,0,44.34027
33.12,0.02,0,44.46094
33.14,0.02,0,44.58214
33.16,0.02,0,44.70388
33.18,0.02,0,44.82615
33.2,0.02,0,44.94894
33.22,0.02,0,45.07225
33.24,0.02,0,45.19608
33.26,0.02,0,45.32041
33.28,0.02,0,45.44526
33.3,0.02,0,45.5706
33.32,0.02,0,45.69645
